热词,数量
顺顺利利,4
健健康康,3
世界,3
语音,3
好看,3
好玩,3
乐曲,2
博君,2
撒旦,2
恒铭,2
音乐,2
好听,2
一肖,2
石头,2
村民,2
鲜花,2
官宣,2
交响乐团,1
符号,1
早上好,1
惬意,1
成曲,1
宣么,1
广西,1
享受,1
理解,1
胜意,1
乐器,1
水淹,1
怀里,1
几遍,1
不用,1
月球,1
相伴,1
游戏,1
这段话,1
偷笑,1
挡雨,1
鼓掌,1
美妙,1
发给,1
一游,1
惨叫,1
大神,1
乐章,1
感谢,1
一周,1
豐盈,1
我来,1
憧憬,1
杭州,1
大头,1
爱意,1
满脑子,1
寂靜且,1
开玩,1
跟着,1
儿子,1
快快乐乐,1
威胁,1
全开,1
看不得,1
好友,1
降雪,1
分享,1
山野,1
温柔,1
莫名,1
艺术家,1
一语双关,1
震撼,1
十万,1
声音,1
啥时候,1
曠野,1
心中,1
道理,1
薄霧,1
下雨,1
满是,1
啥意思,1
第二张,1
反派,1
样子,1
日報,1
好像,1
天塌,1
你好,1
开头,1
新戏,1
哥哥,1
超话,1
取消,1
花儿,1
晕倒,1
杨梅,1
空空,1
陈奕恒何,1
试探,1
大街,1
武汉,1
小心,1
残忍,1
希望,1
生活,1
相互信任,1
钱包,1
技术,1
wtf,1
物料,1
晨露,1
CP,1
指南,1
厕宝,1
嘻嘻,1
平平安安,1
音游,1
精彩,1
首发,1
眼底,1
暴雨,1
功底,1
MC,1
美刀,1
早晨,1
小时候,1
乐队,1
气息,1
邀请,1
明亮,1
抽象,1
上课,1
快乐,1
音乐界,1
只愿,1
脆弱,1
玩一玩,1
纱巾,1
河北,1
坠母,1
一成,1
无关紧要,1
进行曲,1
美术,1
摇篮曲,1
意味,1
老一辈,1
电影,1
定义,1
早安,1
新歌,1
收录,1
太会,1
博肖,1
欢愉,1
玩家,1
风格,1
开机,1
林沐然,1
週三快,1
这算官,1
改成,1
朋友,1
没想到,1
化妆,1
宣当,1
泪奔,1
里成,1
人民,1
气场,1
badapple,1
考研,1
来说,1
耶路撒冷,1
大腿,1
开心,1
水到,1
碰撞,1
帅帅,1
满满,1
删掉,1
彌漫,1
太阳,1
万事,1
尖叫,1
最新,1
星光,1
